<?xml version="1.0" encoding="UTF-8" standalone="yes"?>
<addon id="repository.jw" name="[I][COLOR gold]the files[/COLOR][/I]" version="1.0" provider-name="jw">
    <extension point="xbmc.addon.repository" name="the files">
        <dir >
            <info compressed="false">https://raw.githubusercontent.com/one9howard/one9howard.github.io/master/repo/zips/addons.xml</info>
            <checksum>https://raw.githubusercontent.com/one9howard/one9howard.github.io/master/repo/zips/addons.xml.md5</checksum>
            <datadir zip="true">https://raw.githubusercontent.com/one9howard/one9howard.github.io/master/repo/zips/</datadir>
        </dir>
        <dir minversion="19.0.0">
            <info compressed="false">https://raw.githubusercontent.com/one9howard/one9howard.github.io/master/matrix/zips/addons.xml</info>
            <checksum>https://raw.githubusercontent.com/one9howard/one9howard.github.io/master/matrix/zips/addons.xml.md5</checksum>
            <datadir zip="true">https://raw.githubusercontent.com/one9howard/one9howard.github.io/master/matrix/zips/</datadir>
        </dir>
    </extension>
    <extension point="xbmc.addon.metadata">
        <summary>[I][COLOR gold]let's start something[/COLOR][/I]</summary>
        <description></description>
        <disclaimer lang="en">This addon simply searches websites for content. Use at your own risk!</disclaimer>
        <platform>all</platform>
        <assets>
            <icon>icon_feds.png</icon>
            <fanart>fanart.jpg</fanart>
        </assets>
    </extension>
</addon>
