<?xml version="1.0" encoding="UTF-8" standalone="yes"?>
<addon id="plugin.program.jw" name="[I][COLOR gold]the script[/COLOR][/I]" version="1.0" provider-name="jw">
    <requires>
        <import addon="xbmc.python" version="2.1.0" />
        <import addon="script.module.requests" />
        <import addon="script.module.six" />
    </requires>
    
    <extension point="xbmc.python.pluginsource" library="default.py">
        <provides>executable</provides>
    </extension>
    
    <extension point="xbmc.service" library="startup.py" start="startup" />
    
    <extension point="xbmc.addon.metadata">
        <summary lang="en">[COLOR gold]let's start something[/COLOR]</summary>
        <description lang="en">[COLOR gold][/COLOR]</description>
        <platform>all</platform>
        <reuselanguageinvoker>false</reuselanguageinvoker>
        <source></source>
        <news></news>
        <assets>
            <icon>icon.png</icon>
            <fanart>fanart.jpg</fanart>
        </assets>
    </extension>
</addon>
